{
  "metrics": {
    "accuracy": 0.5903083700440529,
    "f1_macro": 0.42509510016455676,
    "precision_macro": 0.4254472640858944,
    "recall_macro": 0.47475008443093547,
    "num_samples": 227,
    "per_class": {
      "f1_-1": 0.6153846153846154,
      "precision_-1": 0.6666666666666666,
      "recall_-1": 14.0,
      "support_-1": 14.0,
      "f1_-2": 0.4,
      "precision_-2": 0.5,
      "recall_-2": 3.0,
      "support_-2": 3.0,
      "f1_-3": 0.0,
      "precision_-3": 0.0,
      "recall_-3": 1.0,
      "support_-3": 1.0,
      "f1_-9999": 0.7542857142857143,
      "precision_-9999": 0.8148148148148148,
      "recall_-9999": 94.0,
      "support_-9999": 94.0,
      "f1_0": 0.559322033898305,
      "precision_0": 0.515625,
      "recall_0": 54.0,
      "support_0": 54.0,
      "f1_1": 0.4948453608247423,
      "precision_1": 0.5106382978723404,
      "recall_1": 50.0,
      "support_1": 50.0,
      "f1_2": 0.07692307692307693,
      "precision_2": 0.0625,
      "recall_2": 10.0,
      "support_2": 10.0,
      "f1_3": 0.5,
      "precision_3": 0.3333333333333333,
      "recall_3": 1.0,
      "support_3": 1.0
    },
    "confusion_matrix": [
      [
        8,
        1,
        0,
        0,
        5,
        0,
        0,
        0
      ],
      [
        0,
        1,
        2,
        0,
        0,
        0,
        0,
        0
      ],
      [
        0,
        0,
        0,
        0,
        0,
        1,
        0,
        0
      ],
      [
        2,
        0,
        0,
        66,
        16,
        6,
        3,
        1
      ],
      [
        1,
        0,
        0,
        8,
        33,
        11,
        1,
        0
      ],
      [
        1,
        0,
        0,
        4,
        10,
        24,
        11,
        0
      ],
      [
        0,
        0,
        0,
        3,
        0,
        5,
        1,
        1
      ],
      [
        0,
        0,
        0,
        0,
        0,
        0,
        0,
        1
      ]
    ],
    "labels": [
      "-1",
      "-2",
      "-3",
      "-9999",
      "0",
      "1",
      "2",
      "3"
    ]
  }
}